"trialid","subj","aborted","xpos","ypos","regnum"
0,"126",FALSE,677,680,14
1,"126",FALSE,401,492,8
2,"126",FALSE,419,511,8
3,"126",FALSE,844,516,18
4,"126",FALSE,445,499,8
5,"126",FALSE,631,691,14
6,"126",FALSE,839,532,18
7,"126",FALSE,641,298,12
8,"126",FALSE,442,493,8
9,"126",FALSE,692,317,12
10,"126",FALSE,655,702,14
11,"126",FALSE,674,298,12
12,"126",FALSE,617,697,14
13,"126",FALSE,812,493,18
14,"126",FALSE,422,476,8
15,"126",FALSE,827,531,18
16,"126",FALSE,597,300,12
17,"126",TRUE,NA,NA,NA
18,"126",TRUE,NA,NA,NA
19,"126",FALSE,442,483,8
20,"126",FALSE,666,274,12
21,"126",FALSE,815,477,18
22,"126",FALSE,629,693,14
23,"126",FALSE,814,469,18
24,"126",FALSE,635,308,12
25,"126",TRUE,NA,NA,NA
26,"126",TRUE,NA,NA,NA
27,"126",TRUE,451,487,8
28,"126",FALSE,634,256,12
29,"126",FALSE,838,503,18
0,"127",TRUE,NA,NA,NA
1,"127",FALSE,852,496,18
2,"127",FALSE,651,696,14
3,"127",FALSE,635,676,14
4,"127",FALSE,614,353,12
5,"127",FALSE,374,471,8
6,"127",FALSE,840,510,18
7,"127",FALSE,447,478,8
8,"127",FALSE,429,501,8
9,"127",FALSE,838,462,18
10,"127",FALSE,634,299,12
11,"127",FALSE,405,512,8
12,"127",FALSE,827,520,18
13,"127",TRUE,NA,NA,NA
14,"127",FALSE,611,280,12
15,"127",FALSE,617,719,14
16,"127",FALSE,635,370,12
17,"127",FALSE,662,311,12
18,"127",TRUE,NA,NA,NA
19,"127",TRUE,NA,NA,NA
20,"127",FALSE,620,682,14
21,"127",FALSE,839,480,18
22,"127",FALSE,889,454,18
23,"127",FALSE,630,298,12
24,"127",FALSE,847,491,18
25,"127",FALSE,831,480,18
26,"127",FALSE,416,473,8
27,"127",FALSE,840,522,18
28,"127",FALSE,614,306,12
29,"127",FALSE,638,279,12
0,"128",TRUE,NA,NA,NA
1,"128",TRUE,NA,NA,NA
2,"128",FALSE,443,500,8
3,"128",FALSE,619,711,14
4,"128",FALSE,644,703,14
5,"128",FALSE,630,292,12
6,"128",FALSE,625,286,12
7,"128",TRUE,NA,NA,NA
8,"128",FALSE,823,480,18
9,"128",FALSE,834,514,18
10,"128",FALSE,450,508,8
11,"128",FALSE,631,716,14
12,"128",FALSE,458,492,8
13,"128",FALSE,648,290,12
14,"128",FALSE,450,511,8
15,"128",FALSE,602,274,12
16,"128",TRUE,635,717,14
17,"128",FALSE,645,723,14
18,"128",FALSE,857,511,18
19,"128",FALSE,641,713,14
20,"128",FALSE,409,536,8
21,"128",FALSE,841,506,18
22,"128",FALSE,621,720,14
23,"128",FALSE,816,477,18
24,"128",FALSE,579,670,14
25,"128",FALSE,624,357,12
26,"128",FALSE,629,306,12
27,"128",FALSE,429,500,8
28,"128",TRUE,NA,NA,NA
29,"128",FALSE,430,513,8
0,"129",FALSE,436,536,8
1,"129",FALSE,635,674,14
2,"129",FALSE,842,497,18
3,"129",FALSE,650,291,12
4,"129",FALSE,623,310,12
5,"129",TRUE,NA,NA,NA
6,"129",FALSE,641,689,14
7,"129",FALSE,834,490,18
8,"129",FALSE,635,321,12
9,"129",FALSE,653,688,14
10,"129",FALSE,652,685,14
11,"129",FALSE,634,302,12
12,"129",FALSE,846,504,18
13,"129",FALSE,426,501,8
14,"129",FALSE,639,286,12
15,"129",FALSE,659,301,12
16,"129",FALSE,639,282,12
17,"129",FALSE,648,312,12
18,"129",FALSE,425,501,8
19,"129",FALSE,635,288,12
20,"129",FALSE,634,344,12
21,"129",FALSE,636,296,12
22,"129",FALSE,849,496,18
23,"129",FALSE,619,699,14
24,"129",FALSE,603,707,14
25,"129",TRUE,813,475,18
26,"129",FALSE,402,522,8
27,"129",FALSE,421,497,8
28,"129",FALSE,603,265,12
29,"129",FALSE,426,515,8
0,"130",FALSE,638,713,14
1,"130",FALSE,836,483,18
2,"130",FALSE,623,287,12
3,"130",FALSE,607,723,14
4,"130",FALSE,814,514,18
5,"130",FALSE,412,483,8
6,"130",FALSE,668,746,14
7,"130",FALSE,428,497,8
8,"130",FALSE,440,496,8
9,"130",FALSE,640,779,14
10,"130",FALSE,789,457,18
11,"130",FALSE,649,727,14
12,"130",FALSE,651,723,14
13,"130",FALSE,607,734,14
14,"130",FALSE,419,509,8
15,"130",FALSE,435,464,8
16,"130",FALSE,669,296,12
17,"130",FALSE,842,490,18
18,"130",FALSE,438,492,8
19,"130",FALSE,611,294,12
20,"130",TRUE,NA,NA,NA
21,"130",FALSE,647,753,14
22,"130",TRUE,854,507,18
23,"130",FALSE,809,517,18
24,"130",FALSE,633,707,14
25,"130",FALSE,444,510,8
26,"130",FALSE,597,689,14
27,"130",FALSE,639,340,12
28,"130",FALSE,820,531,18
29,"130",FALSE,843,511,18
0,"131",FALSE,458,506,8
1,"131",FALSE,825,531,18
2,"131",FALSE,809,562,18
3,"131",FALSE,815,469,18
4,"131",FALSE,602,719,14
5,"131",FALSE,636,336,12
6,"131",FALSE,831,490,18
7,"131",FALSE,419,515,8
8,"131",FALSE,628,712,14
9,"131",FALSE,657,688,14
10,"131",FALSE,657,280,12
11,"131",FALSE,614,295,12
12,"131",FALSE,651,288,12
13,"131",FALSE,383,519,8
14,"131",FALSE,614,345,12
15,"131",FALSE,838,501,18
16,"131",FALSE,648,727,14
17,"131",FALSE,886,499,18
18,"131",FALSE,446,454,8
19,"131",FALSE,612,688,14
20,"131",FALSE,855,489,18
21,"131",FALSE,646,326,12
22,"131",FALSE,784,548,18
23,"131",FALSE,619,739,14
24,"131",FALSE,648,699,14
25,"131",FALSE,638,292,12
26,"131",FALSE,420,485,8
27,"131",FALSE,471,499,8
28,"131",FALSE,417,487,8
29,"131",FALSE,678,314,12
0,"132",FALSE,835,525,18
1,"132",FALSE,636,295,12
2,"132",FALSE,642,296,12
3,"132",FALSE,629,303,12
4,"132",FALSE,855,493,18
5,"132",FALSE,405,513,8
6,"132",FALSE,429,499,8
7,"132",FALSE,661,336,12
8,"132",FALSE,602,691,14
9,"132",FALSE,635,701,14
10,"132",FALSE,644,326,12
11,"132",FALSE,851,512,18
12,"132",FALSE,433,485,8
13,"132",FALSE,837,503,18
14,"132",FALSE,593,742,14
15,"132",FALSE,663,667,14
16,"132",FALSE,853,499,18
17,"132",FALSE,454,502,8
18,"132",FALSE,817,518,18
19,"132",FALSE,636,308,12
20,"132",FALSE,598,278,12
21,"132",FALSE,822,490,18
22,"132",FALSE,628,701,14
23,"132",FALSE,661,292,12
24,"132",FALSE,646,338,12
25,"132",FALSE,807,540,18
26,"132",FALSE,607,335,12
27,"132",FALSE,629,325,12
28,"132",FALSE,634,706,14
29,"132",FALSE,469,515,8
0,"135",FALSE,819,558,18
1,"135",TRUE,NA,NA,NA
2,"135",FALSE,624,267,12
3,"135",FALSE,872,515,18
4,"135",FALSE,786,520,18
5,"135",FALSE,413,500,8
6,"135",FALSE,642,323,12
7,"135",TRUE,NA,NA,NA
8,"135",FALSE,413,540,8
9,"135",FALSE,649,714,14
10,"135",FALSE,642,742,14
11,"135",FALSE,852,544,18
12,"135",FALSE,646,722,14
13,"135",FALSE,445,518,8
14,"135",FALSE,652,752,14
15,"135",FALSE,429,561,8
16,"135",FALSE,628,291,12
17,"135",FALSE,858,542,18
18,"135",FALSE,441,519,8
19,"135",FALSE,621,304,12
20,"135",FALSE,808,523,18
21,"135",FALSE,628,292,12
22,"135",FALSE,842,507,18
23,"135",FALSE,835,493,18
24,"135",FALSE,844,493,18
25,"135",FALSE,799,456,18
26,"135",FALSE,667,758,14
27,"135",FALSE,666,737,14
28,"135",FALSE,667,696,14
29,"135",FALSE,621,306,12
0,"136",TRUE,597,274,12
1,"136",FALSE,638,684,14
2,"136",FALSE,418,509,8
3,"136",FALSE,823,531,18
4,"136",FALSE,652,329,12
5,"136",FALSE,644,729,14
6,"136",FALSE,628,339,12
7,"136",FALSE,420,507,8
8,"136",FALSE,791,520,18
9,"136",FALSE,665,318,12
10,"136",FALSE,624,314,12
11,"136",FALSE,826,511,18
12,"136",FALSE,622,337,12
13,"136",FALSE,637,702,14
14,"136",FALSE,858,516,18
15,"136",FALSE,636,333,12
16,"136",FALSE,660,320,12
17,"136",FALSE,671,314,12
18,"136",FALSE,832,467,18
19,"136",FALSE,840,474,18
20,"136",FALSE,646,299,12
21,"136",FALSE,646,716,14
22,"136",FALSE,862,497,18
23,"136",FALSE,629,710,14
24,"136",FALSE,859,477,18
25,"136",TRUE,NA,NA,NA
26,"136",FALSE,619,266,12
27,"136",FALSE,655,300,12
28,"136",FALSE,655,313,12
29,"136",FALSE,622,696,14
0,"137",FALSE,618,304,12
1,"137",FALSE,624,710,14
2,"137",FALSE,625,285,12
3,"137",FALSE,451,493,8
4,"137",FALSE,632,294,12
5,"137",FALSE,636,264,12
6,"137",FALSE,667,680,14
7,"137",FALSE,633,722,14
8,"137",TRUE,NA,NA,NA
9,"137",FALSE,653,309,12
10,"137",TRUE,NA,NA,NA
11,"137",FALSE,633,295,12
12,"137",FALSE,649,712,14
13,"137",FALSE,434,511,8
14,"137",FALSE,628,722,14
15,"137",FALSE,578,252,12
16,"137",FALSE,609,310,12
17,"137",FALSE,657,700,14
18,"137",FALSE,446,570,8
19,"137",FALSE,620,289,12
20,"137",FALSE,619,314,12
21,"137",FALSE,419,484,8
22,"137",FALSE,840,504,18
23,"137",FALSE,823,501,18
24,"137",TRUE,628,328,12
25,"137",FALSE,888,497,18
26,"137",TRUE,NA,NA,NA
27,"137",FALSE,839,513,18
28,"137",FALSE,808,532,18
29,"137",FALSE,847,478,18
0,"138",TRUE,645,722,14
1,"138",FALSE,829,491,18
2,"138",TRUE,NA,NA,NA
3,"138",TRUE,NA,NA,NA
4,"138",FALSE,633,716,14
5,"138",FALSE,416,535,8
6,"138",FALSE,455,516,8
7,"138",FALSE,819,532,18
8,"138",TRUE,NA,NA,NA
9,"138",FALSE,831,510,18
10,"138",TRUE,NA,NA,NA
11,"138",FALSE,659,284,12
12,"138",TRUE,821,495,18
13,"138",FALSE,832,510,18
14,"138",TRUE,NA,NA,NA
15,"138",FALSE,636,316,12
16,"138",TRUE,375,502,8
17,"138",FALSE,424,476,8
18,"138",FALSE,660,324,12
19,"138",FALSE,800,510,18
20,"138",TRUE,NA,NA,NA
21,"138",FALSE,643,273,12
22,"138",FALSE,834,492,18
23,"138",FALSE,876,504,18
24,"138",FALSE,667,337,12
25,"138",FALSE,827,555,18
26,"138",FALSE,642,700,14
27,"138",FALSE,401,492,8
28,"138",FALSE,865,479,18
29,"138",FALSE,626,730,14
0,"139",FALSE,640,708,14
1,"139",FALSE,638,332,12
2,"139",FALSE,610,274,12
3,"139",TRUE,428,518,8
4,"139",FALSE,860,504,18
5,"139",FALSE,655,716,14
6,"139",FALSE,631,695,14
7,"139",FALSE,867,483,18
8,"139",FALSE,617,683,14
9,"139",FALSE,849,499,18
10,"139",FALSE,843,479,18
11,"139",FALSE,423,485,8
12,"139",FALSE,616,702,14
13,"139",FALSE,418,525,8
14,"139",FALSE,655,717,14
15,"139",FALSE,397,511,8
16,"139",FALSE,618,747,14
17,"139",FALSE,838,475,18
18,"139",FALSE,616,317,12
19,"139",FALSE,853,504,18
20,"139",FALSE,836,509,18
21,"139",FALSE,594,281,12
22,"139",FALSE,844,521,18
23,"139",FALSE,443,516,8
24,"139",FALSE,817,509,18
25,"139",FALSE,425,503,8
26,"139",FALSE,450,479,8
27,"139",FALSE,809,522,18
28,"139",FALSE,632,294,12
29,"139",FALSE,440,527,8
0,"140",FALSE,626,290,12
1,"140",FALSE,642,700,14
2,"140",FALSE,434,511,8
3,"140",TRUE,461,516,8
4,"140",FALSE,632,296,12
5,"140",FALSE,635,294,12
6,"140",FALSE,643,700,14
7,"140",FALSE,449,521,8
8,"140",FALSE,639,688,14
9,"140",FALSE,620,683,14
10,"140",FALSE,428,512,8
11,"140",FALSE,855,487,18
12,"140",FALSE,432,496,8
13,"140",FALSE,830,510,18
14,"140",FALSE,808,518,18
15,"140",FALSE,640,307,12
16,"140",FALSE,394,513,8
17,"140",FALSE,845,502,18
18,"140",FALSE,410,498,8
19,"140",FALSE,628,298,12
20,"140",FALSE,824,495,18
21,"140",TRUE,NA,NA,NA
22,"140",FALSE,446,520,8
23,"140",FALSE,447,507,8
24,"140",TRUE,452,496,8
25,"140",FALSE,638,699,14
26,"140",FALSE,638,309,12
27,"140",FALSE,640,288,12
28,"140",FALSE,616,709,14
29,"140",FALSE,626,298,12
0,"141",TRUE,NA,NA,NA
1,"141",FALSE,809,507,18
2,"141",FALSE,843,536,18
3,"141",FALSE,629,678,14
4,"141",FALSE,453,508,8
5,"141",FALSE,621,701,14
6,"141",FALSE,449,520,8
7,"141",FALSE,639,730,14
8,"141",FALSE,479,512,8
9,"141",FALSE,639,323,12
10,"141",FALSE,630,344,12
11,"141",FALSE,628,327,12
12,"141",FALSE,430,493,8
13,"141",FALSE,634,323,12
14,"141",FALSE,625,687,14
15,"141",FALSE,813,531,18
16,"141",FALSE,479,502,8
17,"141",FALSE,615,697,14
18,"141",FALSE,647,696,14
19,"141",FALSE,647,345,12
20,"141",FALSE,634,331,12
21,"141",FALSE,869,524,18
22,"141",FALSE,612,719,14
23,"141",FALSE,406,536,8
24,"141",FALSE,834,490,18
25,"141",FALSE,811,500,18
26,"141",FALSE,589,680,14
27,"141",FALSE,630,318,12
28,"141",FALSE,482,530,8
29,"141",FALSE,847,520,18
0,"143",FALSE,412,516,8
1,"143",FALSE,817,494,18
2,"143",FALSE,639,714,14
3,"143",FALSE,417,485,8
4,"143",FALSE,656,689,14
5,"143",FALSE,610,714,14
6,"143",FALSE,616,709,14
7,"143",FALSE,426,503,8
8,"143",FALSE,832,495,18
9,"143",FALSE,633,700,14
10,"143",FALSE,644,723,14
11,"143",FALSE,581,323,12
12,"143",FALSE,447,523,8
13,"143",FALSE,643,287,12
14,"143",FALSE,414,515,8
15,"143",FALSE,656,308,12
16,"143",FALSE,635,741,14
17,"143",FALSE,396,497,8
18,"143",FALSE,643,685,14
19,"143",FALSE,866,527,18
20,"143",FALSE,667,301,12
21,"143",FALSE,618,286,12
22,"143",FALSE,642,707,14
23,"143",FALSE,639,715,14
24,"143",FALSE,847,495,18
25,"143",FALSE,653,706,14
26,"143",FALSE,662,303,12
27,"143",FALSE,443,527,8
28,"143",FALSE,825,480,18
29,"143",FALSE,581,255,12
0,"149",FALSE,618,708,14
1,"149",FALSE,443,518,8
2,"149",FALSE,841,508,18
3,"149",FALSE,646,310,12
4,"149",FALSE,412,512,8
5,"149",FALSE,901,510,18
6,"149",FALSE,623,705,14
7,"149",FALSE,406,538,8
8,"149",FALSE,874,502,18
9,"149",FALSE,836,497,18
10,"149",FALSE,416,568,8
11,"149",FALSE,645,710,14
12,"149",FALSE,379,542,8
13,"149",FALSE,452,512,8
14,"149",FALSE,581,294,12
15,"149",FALSE,381,493,8
16,"149",FALSE,842,505,18
17,"149",FALSE,615,290,12
18,"149",FALSE,820,525,18
19,"149",FALSE,624,707,14
20,"149",FALSE,678,302,12
21,"149",FALSE,448,496,8
22,"149",FALSE,437,492,8
23,"149",FALSE,633,691,14
24,"149",FALSE,439,500,8
25,"149",FALSE,582,677,14
26,"149",FALSE,601,718,14
27,"149",FALSE,417,584,8
28,"149",FALSE,845,472,18
29,"149",FALSE,614,719,14
0,"150",FALSE,626,698,14
1,"150",FALSE,841,513,18
2,"150",FALSE,651,727,14
3,"150",TRUE,NA,NA,NA
4,"150",FALSE,627,328,12
5,"150",FALSE,635,291,12
6,"150",FALSE,822,448,18
7,"150",FALSE,606,315,12
8,"150",FALSE,830,505,18
9,"150",FALSE,831,500,18
10,"150",FALSE,450,510,8
11,"150",TRUE,663,331,12
12,"150",FALSE,639,727,14
13,"150",FALSE,802,528,18
14,"150",FALSE,641,730,14
15,"150",FALSE,630,305,12
16,"150",FALSE,868,536,18
17,"150",FALSE,628,316,12
18,"150",FALSE,595,328,12
19,"150",FALSE,646,293,12
20,"150",FALSE,876,492,18
21,"150",FALSE,438,525,8
22,"150",FALSE,609,668,14
23,"150",FALSE,633,298,12
24,"150",FALSE,650,376,12
25,"150",FALSE,643,303,12
26,"150",FALSE,864,494,18
27,"150",FALSE,855,506,18
28,"150",FALSE,450,501,8
29,"150",FALSE,646,690,14
0,"151",FALSE,618,322,12
1,"151",TRUE,NA,NA,NA
2,"151",FALSE,461,499,8
3,"151",FALSE,456,529,8
4,"151",FALSE,835,491,18
5,"151",FALSE,620,696,14
6,"151",FALSE,413,510,8
7,"151",FALSE,404,521,8
8,"151",FALSE,434,481,8
9,"151",FALSE,829,516,18
10,"151",FALSE,825,500,18
11,"151",FALSE,567,692,14
12,"151",FALSE,864,483,18
13,"151",FALSE,595,711,14
14,"151",FALSE,444,523,8
15,"151",FALSE,585,708,14
16,"151",FALSE,609,297,12
17,"151",FALSE,654,688,14
18,"151",FALSE,599,721,14
19,"151",FALSE,639,336,12
20,"151",FALSE,639,330,12
21,"151",FALSE,789,482,18
22,"151",FALSE,842,528,18
23,"151",FALSE,591,740,14
24,"151",FALSE,657,710,14
25,"151",FALSE,648,315,12
26,"151",FALSE,400,506,8
27,"151",FALSE,811,492,18
28,"151",FALSE,615,726,14
29,"151",FALSE,646,314,12
0,"152",FALSE,440,519,8
1,"152",FALSE,632,696,14
2,"152",FALSE,827,488,18
3,"152",FALSE,588,257,12
4,"152",FALSE,635,313,12
5,"152",FALSE,644,303,12
6,"152",FALSE,831,559,18
7,"152",FALSE,821,517,18
8,"152",FALSE,889,499,18
9,"152",FALSE,445,495,8
10,"152",FALSE,617,664,14
11,"152",FALSE,606,283,12
12,"152",FALSE,629,716,14
13,"152",FALSE,612,676,14
14,"152",FALSE,837,504,18
15,"152",FALSE,614,700,14
16,"152",FALSE,613,708,14
17,"152",FALSE,790,488,18
18,"152",FALSE,643,293,12
19,"152",FALSE,632,716,14
20,"152",FALSE,455,536,8
21,"152",FALSE,442,524,8
22,"152",FALSE,449,562,8
23,"152",FALSE,459,506,8
24,"152",FALSE,859,513,18
25,"152",FALSE,455,484,8
26,"152",FALSE,836,492,18
27,"152",FALSE,641,702,14
28,"152",FALSE,842,480,18
29,"152",FALSE,445,515,8
0,"153",FALSE,672,729,14
1,"153",FALSE,832,498,18
2,"153",TRUE,NA,NA,NA
3,"153",FALSE,842,518,18
4,"153",FALSE,659,744,14
5,"153",FALSE,628,374,12
6,"153",FALSE,431,500,8
7,"153",FALSE,631,715,14
8,"153",FALSE,853,527,18
9,"153",FALSE,812,518,18
10,"153",FALSE,654,725,14
11,"153",FALSE,656,733,14
12,"153",FALSE,631,707,14
13,"153",FALSE,818,502,18
14,"153",FALSE,440,502,8
15,"153",FALSE,627,309,12
16,"153",FALSE,646,736,14
17,"153",FALSE,679,281,12
18,"153",FALSE,597,305,12
19,"153",TRUE,445,492,8
20,"153",FALSE,651,697,14
21,"153",FALSE,623,715,14
22,"153",FALSE,633,707,14
23,"153",FALSE,793,510,18
24,"153",FALSE,614,303,12
25,"153",FALSE,457,522,8
26,"153",FALSE,631,701,14
27,"153",FALSE,631,305,12
28,"153",FALSE,607,323,12
29,"153",FALSE,616,759,14
0,"154",FALSE,614,339,12
1,"154",FALSE,860,516,18
2,"154",FALSE,833,503,18
3,"154",FALSE,626,355,12
4,"154",FALSE,421,511,8
5,"154",FALSE,430,506,8
6,"154",FALSE,425,524,8
7,"154",FALSE,661,694,14
8,"154",FALSE,653,300,12
9,"154",FALSE,434,500,8
10,"154",FALSE,835,493,18
11,"154",FALSE,835,522,18
12,"154",FALSE,839,480,18
13,"154",FALSE,651,706,14
14,"154",FALSE,637,283,12
15,"154",FALSE,452,492,8
16,"154",FALSE,611,704,14
17,"154",FALSE,640,738,14
18,"154",FALSE,656,721,14
19,"154",FALSE,444,530,8
20,"154",FALSE,832,498,18
21,"154",FALSE,605,308,12
22,"154",FALSE,653,319,12
23,"154",FALSE,668,720,14
24,"154",FALSE,455,516,8
25,"154",FALSE,416,529,8
26,"154",FALSE,419,521,8
27,"154",FALSE,672,715,14
28,"154",FALSE,836,500,18
29,"154",FALSE,815,495,18
0,"155",FALSE,633,700,14
1,"155",FALSE,637,324,12
2,"155",FALSE,823,499,18
3,"155",FALSE,428,502,8
4,"155",FALSE,436,536,8
5,"155",FALSE,648,316,12
6,"155",FALSE,851,494,18
7,"155",FALSE,461,513,8
8,"155",FALSE,864,534,18
9,"155",FALSE,650,290,12
10,"155",FALSE,847,526,18
11,"155",FALSE,635,345,12
12,"155",FALSE,641,307,12
13,"155",FALSE,419,494,8
14,"155",FALSE,431,497,8
15,"155",FALSE,435,508,8
16,"155",FALSE,645,707,14
17,"155",FALSE,635,275,12
18,"155",FALSE,620,677,14
19,"155",FALSE,413,485,8
20,"155",FALSE,447,495,8
21,"155",FALSE,633,683,14
22,"155",FALSE,667,695,14
23,"155",FALSE,642,319,12
24,"155",FALSE,646,707,14
25,"155",FALSE,459,521,8
26,"155",FALSE,421,519,8
27,"155",FALSE,868,508,18
28,"155",FALSE,436,512,8
29,"155",FALSE,451,544,8
0,"156",FALSE,633,309,12
1,"156",FALSE,390,502,8
2,"156",FALSE,646,684,14
3,"156",FALSE,861,506,18
4,"156",FALSE,642,314,12
5,"156",FALSE,820,524,18
6,"156",FALSE,657,309,12
7,"156",FALSE,410,515,8
8,"156",FALSE,636,710,14
9,"156",FALSE,852,468,18
10,"156",FALSE,633,705,14
11,"156",FALSE,844,514,18
12,"156",FALSE,644,311,12
13,"156",FALSE,427,543,8
14,"156",FALSE,642,310,12
15,"156",FALSE,603,318,12
16,"156",FALSE,822,522,18
17,"156",FALSE,799,518,18
18,"156",FALSE,623,696,14
19,"156",FALSE,452,508,8
20,"156",FALSE,637,299,12
21,"156",FALSE,832,502,18
22,"156",FALSE,842,498,18
23,"156",FALSE,624,722,14
24,"156",FALSE,822,494,18
25,"156",FALSE,441,534,8
26,"156",FALSE,455,495,8
27,"156",FALSE,782,476,18
28,"156",FALSE,436,509,8
29,"156",FALSE,799,488,18
0,"157",FALSE,580,672,14
1,"157",FALSE,636,307,12
2,"157",FALSE,637,337,12
3,"157",FALSE,629,311,12
4,"157",FALSE,433,532,8
5,"157",FALSE,640,365,12
6,"157",FALSE,661,722,14
7,"157",FALSE,443,517,8
8,"157",FALSE,844,511,18
9,"157",FALSE,452,526,8
10,"157",FALSE,634,344,12
11,"157",FALSE,624,317,12
12,"157",FALSE,873,518,18
13,"157",FALSE,440,494,8
14,"157",FALSE,641,736,14
15,"157",FALSE,641,710,14
16,"157",FALSE,431,544,8
17,"157",FALSE,626,306,12
18,"157",FALSE,627,341,12
19,"157",FALSE,478,524,8
20,"157",FALSE,861,526,18
21,"157",FALSE,438,490,8
22,"157",FALSE,638,311,12
23,"157",FALSE,629,715,14
24,"157",FALSE,664,673,14
25,"157",FALSE,614,352,12
26,"157",FALSE,886,525,18
27,"157",FALSE,655,341,12
28,"157",FALSE,617,351,12
29,"157",FALSE,441,567,8
0,"158",FALSE,422,500,8
1,"158",FALSE,839,510,18
2,"158",FALSE,638,704,14
3,"158",FALSE,678,737,14
4,"158",FALSE,594,673,14
5,"158",FALSE,675,311,12
6,"158",FALSE,646,706,14
7,"158",FALSE,672,299,12
8,"158",TRUE,NA,NA,NA
9,"158",TRUE,NA,NA,NA
10,"158",FALSE,864,500,18
11,"158",FALSE,458,488,8
12,"158",FALSE,625,688,14
13,"158",FALSE,645,697,14
14,"158",FALSE,639,321,12
15,"158",FALSE,614,335,12
16,"158",FALSE,837,499,18
17,"158",FALSE,419,472,8
18,"158",FALSE,697,303,12
19,"158",FALSE,665,706,14
20,"158",FALSE,654,663,14
21,"158",FALSE,647,705,14
22,"158",FALSE,705,244,12
23,"158",FALSE,426,502,8
24,"158",FALSE,449,502,8
25,"158",FALSE,637,321,12
26,"158",FALSE,647,310,12
27,"158",FALSE,694,330,12
28,"158",FALSE,479,533,8
29,"158",FALSE,829,540,18
0,"159",FALSE,374,487,8
1,"159",FALSE,618,685,14
2,"159",FALSE,635,691,14
3,"159",FALSE,425,499,8
4,"159",FALSE,425,487,8
5,"159",FALSE,397,475,8
6,"159",FALSE,657,303,12
7,"159",FALSE,788,510,18
8,"159",FALSE,638,698,14
9,"159",FALSE,831,522,18
10,"159",FALSE,621,299,12
11,"159",FALSE,634,699,14
12,"159",FALSE,868,459,18
13,"159",FALSE,661,338,12
14,"159",FALSE,620,675,14
15,"159",FALSE,468,479,8
16,"159",FALSE,834,468,18
17,"159",FALSE,838,496,18
18,"159",FALSE,842,517,18
19,"159",FALSE,407,518,8
20,"159",FALSE,450,511,8
21,"159",FALSE,488,437,8
22,"159",FALSE,395,521,8
23,"159",FALSE,689,292,12
24,"159",FALSE,846,508,18
25,"159",FALSE,633,672,14
26,"159",FALSE,395,537,8
27,"159",FALSE,434,514,8
28,"159",FALSE,593,314,12
29,"159",FALSE,600,297,12
0,"160",FALSE,639,278,12
1,"160",FALSE,407,503,8
2,"160",FALSE,852,499,18
3,"160",FALSE,845,505,18
4,"160",FALSE,434,502,8
5,"160",FALSE,414,483,8
6,"160",FALSE,849,518,18
7,"160",FALSE,631,698,14
8,"160",FALSE,832,495,18
9,"160",FALSE,646,291,12
10,"160",FALSE,644,300,12
11,"160",FALSE,823,483,18
12,"160",TRUE,617,712,14
13,"160",FALSE,400,475,8
14,"160",FALSE,424,501,8
15,"160",FALSE,424,522,8
16,"160",FALSE,831,496,18
17,"160",FALSE,419,499,8
18,"160",FALSE,410,512,8
19,"160",FALSE,453,492,8
20,"160",FALSE,619,314,12
21,"160",FALSE,416,482,8
22,"160",FALSE,426,504,8
23,"160",FALSE,655,311,12
24,"160",FALSE,440,499,8
25,"160",FALSE,638,719,14
26,"160",FALSE,811,505,18
27,"160",FALSE,408,511,8
28,"160",FALSE,625,308,12
29,"160",FALSE,631,283,12
0,"161",FALSE,398,529,8
1,"161",FALSE,636,680,14
2,"161",FALSE,628,708,14
3,"161",FALSE,841,501,18
4,"161",FALSE,640,309,12
5,"161",FALSE,415,553,8
6,"161",FALSE,664,704,14
7,"161",FALSE,633,331,12
8,"161",FALSE,438,489,8
9,"161",FALSE,576,270,12
10,"161",FALSE,623,657,14
11,"161",FALSE,623,714,14
12,"161",FALSE,427,490,8
13,"161",FALSE,639,774,14
14,"161",FALSE,407,512,8
15,"161",FALSE,415,521,8
16,"161",FALSE,398,505,8
17,"161",FALSE,822,500,18
18,"161",FALSE,625,302,12
19,"161",FALSE,667,316,12
20,"161",FALSE,602,293,12
21,"161",FALSE,629,725,14
22,"161",FALSE,816,495,18
23,"161",FALSE,433,515,8
24,"161",FALSE,620,313,12
25,"161",FALSE,618,718,14
26,"161",FALSE,833,497,18
27,"161",FALSE,635,298,12
28,"161",FALSE,824,494,18
29,"161",FALSE,431,508,8
0,"162",FALSE,628,313,12
1,"162",FALSE,669,661,14
2,"162",FALSE,612,685,14
3,"162",FALSE,602,687,14
4,"162",TRUE,NA,NA,NA
5,"162",FALSE,632,708,14
6,"162",FALSE,830,508,18
7,"162",FALSE,424,510,8
8,"162",FALSE,870,506,18
9,"162",FALSE,639,713,14
10,"162",FALSE,614,715,14
11,"162",FALSE,818,497,18
12,"162",FALSE,838,519,18
13,"162",FALSE,661,713,14
14,"162",FALSE,887,507,18
15,"162",FALSE,661,724,14
16,"162",FALSE,598,690,14
17,"162",FALSE,626,325,12
18,"162",FALSE,868,513,18
19,"162",FALSE,641,327,12
20,"162",FALSE,423,494,8
21,"162",FALSE,609,728,14
22,"162",FALSE,631,707,14
23,"162",FALSE,838,515,18
24,"162",FALSE,455,526,8
25,"162",FALSE,795,454,18
26,"162",FALSE,847,512,18
27,"162",FALSE,638,698,14
28,"162",FALSE,437,519,8
29,"162",FALSE,607,714,14
0,"163",FALSE,612,715,14
1,"163",FALSE,853,482,18
2,"163",FALSE,408,518,8
3,"163",FALSE,429,524,8
4,"163",FALSE,643,720,14
5,"163",FALSE,843,500,18
6,"163",FALSE,834,528,18
7,"163",FALSE,429,507,8
8,"163",FALSE,834,529,18
9,"163",FALSE,451,515,8
10,"163",FALSE,638,687,14
11,"163",FALSE,649,690,14
12,"163",FALSE,821,505,18
13,"163",FALSE,629,713,14
14,"163",FALSE,430,512,8
15,"163",FALSE,622,722,14
16,"163",FALSE,629,698,14
17,"163",FALSE,617,689,14
18,"163",FALSE,815,507,18
19,"163",FALSE,637,297,12
20,"163",FALSE,639,713,14
21,"163",FALSE,664,700,14
22,"163",FALSE,834,504,18
23,"163",FALSE,876,530,18
24,"163",FALSE,829,497,18
25,"163",FALSE,812,498,18
26,"163",FALSE,440,521,8
27,"163",FALSE,639,707,14
28,"163",FALSE,612,314,12
29,"163",FALSE,629,304,12
0,"164",FALSE,649,323,12
1,"164",FALSE,639,330,12
2,"164",FALSE,631,318,12
3,"164",FALSE,834,510,18
4,"164",FALSE,645,300,12
5,"164",FALSE,609,309,12
6,"164",FALSE,653,691,14
7,"164",FALSE,621,314,12
8,"164",FALSE,804,507,18
9,"164",FALSE,623,303,12
10,"164",TRUE,NA,NA,NA
11,"164",FALSE,882,500,18
12,"164",FALSE,859,525,18
13,"164",FALSE,641,284,12
14,"164",FALSE,435,503,8
15,"164",FALSE,428,496,8
16,"164",FALSE,626,301,12
17,"164",FALSE,413,495,8
18,"164",FALSE,641,704,14
19,"164",FALSE,404,510,8
20,"164",FALSE,626,271,12
21,"164",FALSE,426,509,8
22,"164",FALSE,847,515,18
23,"164",FALSE,434,513,8
24,"164",FALSE,675,684,14
25,"164",FALSE,637,307,12
26,"164",FALSE,597,349,12
27,"164",FALSE,412,499,8
28,"164",FALSE,634,690,14
29,"164",FALSE,430,534,8
0,"165",FALSE,623,310,12
1,"165",FALSE,651,681,14
2,"165",FALSE,599,654,14
3,"165",FALSE,671,676,14
4,"165",FALSE,658,685,14
5,"165",FALSE,626,720,14
6,"165",FALSE,415,490,8
7,"165",FALSE,657,690,14
8,"165",FALSE,644,702,14
9,"165",FALSE,423,517,8
10,"165",FALSE,658,262,12
11,"165",FALSE,883,516,18
12,"165",FALSE,614,295,12
13,"165",FALSE,641,300,12
14,"165",FALSE,608,318,12
15,"165",FALSE,407,514,8
16,"165",FALSE,671,724,14
17,"165",FALSE,840,499,18
18,"165",FALSE,871,501,18
19,"165",FALSE,638,285,12
20,"165",FALSE,419,482,8
21,"165",FALSE,823,480,18
22,"165",FALSE,867,489,18
23,"165",FALSE,435,490,8
24,"165",FALSE,828,502,18
25,"165",FALSE,684,292,12
26,"165",FALSE,633,278,12
27,"165",FALSE,440,535,8
28,"165",FALSE,836,530,18
29,"165",FALSE,856,518,18
0,"167",FALSE,419,530,8
1,"167",FALSE,445,538,8
2,"167",FALSE,838,518,18
3,"167",FALSE,618,312,12
4,"167",FALSE,400,524,8
5,"167",FALSE,665,338,12
6,"167",FALSE,442,490,8
7,"167",FALSE,435,541,8
8,"167",FALSE,659,303,12
9,"167",FALSE,635,696,14
10,"167",FALSE,617,726,14
11,"167",FALSE,825,518,18
12,"167",FALSE,608,733,14
13,"167",FALSE,855,549,18
14,"167",FALSE,622,295,12
15,"167",FALSE,649,309,12
16,"167",FALSE,632,302,12
17,"167",FALSE,585,720,14
18,"167",FALSE,653,330,12
19,"167",FALSE,848,512,18
20,"167",FALSE,393,513,8
21,"167",FALSE,394,505,8
22,"167",FALSE,631,286,12
23,"167",FALSE,683,677,14
24,"167",FALSE,776,473,18
25,"167",FALSE,800,514,18
26,"167",FALSE,427,475,8
27,"167",FALSE,641,711,14
28,"167",FALSE,455,539,8
29,"167",FALSE,630,685,14
0,"168",FALSE,851,493,18
1,"168",FALSE,434,517,8
2,"168",FALSE,659,724,14
3,"168",FALSE,627,342,12
4,"168",FALSE,836,474,18
5,"168",FALSE,410,557,8
6,"168",FALSE,442,527,8
7,"168",FALSE,644,710,14
8,"168",FALSE,631,743,14
9,"168",FALSE,851,514,18
10,"168",FALSE,837,501,18
11,"168",FALSE,651,700,14
12,"168",FALSE,458,515,8
13,"168",FALSE,446,521,8
14,"168",FALSE,618,338,12
15,"168",FALSE,609,318,12
16,"168",FALSE,644,702,14
17,"168",FALSE,657,726,14
18,"168",FALSE,630,311,12
19,"168",FALSE,645,283,12
20,"168",FALSE,450,514,8
21,"168",FALSE,668,689,14
22,"168",FALSE,633,716,14
23,"168",FALSE,863,513,18
24,"168",FALSE,842,510,18
25,"168",FALSE,598,316,12
26,"168",FALSE,862,523,18
27,"168",FALSE,646,718,14
28,"168",FALSE,618,296,12
29,"168",FALSE,431,487,8
0,"169",FALSE,414,515,8
1,"169",FALSE,624,321,12
2,"169",FALSE,413,528,8
3,"169",FALSE,615,690,14
4,"169",FALSE,413,525,8
5,"169",FALSE,443,538,8
6,"169",FALSE,644,725,14
7,"169",FALSE,421,510,8
8,"169",FALSE,418,494,8
9,"169",FALSE,857,506,18
10,"169",FALSE,418,525,8
11,"169",FALSE,626,314,12
12,"169",FALSE,643,707,14
13,"169",FALSE,839,512,18
14,"169",FALSE,615,311,12
15,"169",FALSE,652,693,14
16,"169",FALSE,632,684,14
17,"169",FALSE,833,494,18
18,"169",FALSE,648,711,14
19,"169",FALSE,661,307,12
20,"169",FALSE,611,319,12
21,"169",FALSE,638,294,12
22,"169",FALSE,442,532,8
23,"169",FALSE,635,316,12
24,"169",FALSE,438,512,8
25,"169",FALSE,624,325,12
26,"169",FALSE,631,369,12
27,"169",TRUE,809,550,18
28,"169",FALSE,636,691,14
29,"169",FALSE,623,692,14
0,"170",FALSE,832,503,18
1,"170",FALSE,646,727,14
2,"170",FALSE,433,521,8
3,"170",FALSE,625,709,14
4,"170",FALSE,623,296,12
5,"170",FALSE,638,314,12
6,"170",FALSE,835,509,18
7,"170",FALSE,816,511,18
8,"170",FALSE,830,489,18
9,"170",FALSE,644,691,14
10,"170",FALSE,848,518,18
11,"170",FALSE,819,508,18
12,"170",FALSE,819,506,18
13,"170",FALSE,851,506,18
14,"170",FALSE,843,484,18
15,"170",FALSE,895,515,18
16,"170",FALSE,832,503,18
17,"170",FALSE,424,496,8
18,"170",FALSE,442,489,8
19,"170",FALSE,397,486,8
20,"170",FALSE,836,506,18
21,"170",FALSE,632,696,14
22,"170",FALSE,802,504,18
23,"170",FALSE,631,295,12
24,"170",FALSE,829,506,18
25,"170",FALSE,831,498,18
26,"170",FALSE,650,714,14
27,"170",FALSE,649,726,14
28,"170",FALSE,445,502,8
29,"170",FALSE,830,516,18
0,"171",FALSE,866,488,18
1,"171",FALSE,668,717,14
2,"171",FALSE,633,310,12
3,"171",FALSE,620,274,12
4,"171",FALSE,853,508,18
5,"171",FALSE,646,294,12
6,"171",FALSE,439,494,8
7,"171",FALSE,618,714,14
8,"171",FALSE,644,300,12
9,"171",FALSE,629,298,12
10,"171",FALSE,618,705,14
11,"171",FALSE,417,477,8
12,"171",FALSE,435,484,8
13,"171",FALSE,644,721,14
14,"171",FALSE,662,291,12
15,"171",FALSE,460,505,8
16,"171",TRUE,NA,NA,NA
17,"171",FALSE,626,264,12
18,"171",FALSE,654,315,12
19,"171",FALSE,640,294,12
20,"171",FALSE,443,503,8
21,"171",FALSE,817,532,18
22,"171",TRUE,NA,NA,NA
23,"171",FALSE,606,268,12
24,"171",TRUE,NA,NA,NA
25,"171",FALSE,816,479,18
26,"171",FALSE,582,287,12
27,"171",FALSE,426,490,8
28,"171",FALSE,626,288,12
29,"171",FALSE,625,671,14
0,"172",FALSE,823,523,18
1,"172",FALSE,457,514,8
2,"172",FALSE,621,714,14
3,"172",TRUE,NA,NA,NA
4,"172",FALSE,430,492,8
5,"172",FALSE,439,536,8
6,"172",FALSE,378,460,8
7,"172",FALSE,643,314,12
8,"172",FALSE,845,530,18
9,"172",FALSE,846,501,18
10,"172",FALSE,423,531,8
11,"172",FALSE,629,365,12
12,"172",FALSE,637,303,12
13,"172",FALSE,622,705,14
14,"172",FALSE,820,475,18
15,"172",FALSE,858,466,18
16,"172",FALSE,810,514,18
17,"172",FALSE,838,538,18
18,"172",FALSE,831,503,18
19,"172",FALSE,813,501,18
20,"172",FALSE,819,511,18
21,"172",FALSE,447,493,8
22,"172",FALSE,618,710,14
23,"172",FALSE,827,534,18
24,"172",FALSE,605,301,12
25,"172",FALSE,634,692,14
26,"172",FALSE,634,717,14
27,"172",FALSE,641,279,12
28,"172",FALSE,626,311,12
29,"172",FALSE,668,728,14
0,"174",FALSE,642,730,14
1,"174",FALSE,450,516,8
2,"174",FALSE,657,710,14
3,"174",FALSE,645,308,12
4,"174",FALSE,613,303,12
5,"174",FALSE,379,478,8
6,"174",FALSE,823,525,18
7,"174",FALSE,415,520,8
8,"174",FALSE,418,486,8
9,"174",FALSE,848,499,18
10,"174",FALSE,394,537,8
11,"174",FALSE,399,518,8
12,"174",FALSE,630,724,14
13,"174",FALSE,425,495,8
14,"174",FALSE,626,698,14
15,"174",FALSE,846,498,18
16,"174",FALSE,622,284,12
17,"174",FALSE,413,513,8
18,"174",FALSE,443,502,8
19,"174",FALSE,430,528,8
20,"174",FALSE,444,533,8
21,"174",FALSE,658,725,14
22,"174",FALSE,602,259,12
23,"174",FALSE,613,693,14
24,"174",TRUE,NA,NA,NA
25,"174",FALSE,393,526,8
26,"174",FALSE,411,489,8
27,"174",FALSE,615,676,14
28,"174",FALSE,442,519,8
29,"174",FALSE,621,294,12
0,"175",FALSE,611,697,14
1,"175",FALSE,638,305,12
2,"175",FALSE,826,482,18
3,"175",FALSE,470,518,8
4,"175",FALSE,638,703,14
5,"175",FALSE,640,345,12
6,"175",TRUE,423,510,8
7,"175",FALSE,433,495,8
8,"175",FALSE,636,690,14
9,"175",FALSE,823,496,18
10,"175",TRUE,NA,NA,NA
11,"175",FALSE,789,525,18
12,"175",FALSE,630,376,12
13,"175",FALSE,425,512,8
14,"175",FALSE,594,358,12
15,"175",FALSE,454,511,8
16,"175",FALSE,473,512,8
17,"175",FALSE,845,505,18
18,"175",FALSE,838,506,18
19,"175",FALSE,624,298,12
20,"175",TRUE,830,488,18
21,"175",FALSE,851,508,18
22,"175",FALSE,806,511,18
23,"175",FALSE,849,556,18
24,"175",FALSE,805,496,18
25,"175",FALSE,638,367,12
26,"175",FALSE,622,347,12
27,"175",FALSE,612,684,14
28,"175",FALSE,661,677,14
29,"175",FALSE,635,355,12
0,"176",FALSE,392,538,8
1,"176",FALSE,660,680,14
2,"176",FALSE,629,704,14
3,"176",FALSE,430,525,8
4,"176",FALSE,654,693,14
5,"176",FALSE,794,507,18
6,"176",TRUE,468,524,8
7,"176",FALSE,869,525,18
8,"176",FALSE,843,479,18
9,"176",FALSE,630,297,12
10,"176",FALSE,774,533,18
11,"176",FALSE,381,484,8
12,"176",FALSE,827,495,18
13,"176",FALSE,476,524,8
14,"176",FALSE,464,482,8
15,"176",FALSE,445,519,8
16,"176",FALSE,578,714,14
17,"176",FALSE,657,710,14
18,"176",FALSE,606,704,14
19,"176",FALSE,852,550,18
20,"176",FALSE,401,522,8
21,"176",FALSE,627,360,12
22,"176",FALSE,440,500,8
23,"176",FALSE,629,725,14
24,"176",FALSE,836,501,18
25,"176",FALSE,454,533,8
26,"176",FALSE,563,307,12
27,"176",FALSE,668,729,14
28,"176",FALSE,864,495,18
29,"176",FALSE,653,350,12
0,"177",FALSE,471,494,8
1,"177",FALSE,813,492,18
2,"177",FALSE,488,502,8
3,"177",FALSE,373,486,8
4,"177",FALSE,811,498,18
5,"177",FALSE,826,532,18
6,"177",FALSE,829,462,18
7,"177",FALSE,634,767,14
8,"177",FALSE,647,311,12
9,"177",FALSE,640,678,14
10,"177",FALSE,637,278,12
11,"177",FALSE,870,469,18
12,"177",FALSE,677,711,14
13,"177",FALSE,400,488,8
14,"177",FALSE,440,500,8
15,"177",FALSE,442,481,8
16,"177",FALSE,415,493,8
17,"177",FALSE,428,504,8
18,"177",FALSE,866,505,18
19,"177",FALSE,843,495,18
20,"177",FALSE,838,477,18
21,"177",FALSE,829,520,18
22,"177",FALSE,580,272,12
23,"177",FALSE,845,482,18
24,"177",FALSE,638,693,14
25,"177",FALSE,845,502,18
26,"177",FALSE,382,503,8
27,"177",FALSE,423,508,8
28,"177",FALSE,850,514,18
29,"177",FALSE,419,527,8
0,"178",FALSE,832,491,18
1,"178",FALSE,644,330,12
2,"178",FALSE,831,480,18
3,"178",FALSE,633,284,12
4,"178",FALSE,845,501,18
5,"178",FALSE,658,319,12
6,"178",FALSE,816,507,18
7,"178",FALSE,622,299,12
8,"178",FALSE,434,499,8
9,"178",FALSE,427,487,8
10,"178",FALSE,624,694,14
11,"178",FALSE,643,683,14
12,"178",FALSE,608,674,14
13,"178",TRUE,665,345,12
14,"178",FALSE,423,537,8
15,"178",FALSE,584,672,14
16,"178",FALSE,632,303,12
17,"178",FALSE,635,697,14
18,"178",FALSE,427,514,8
19,"178",FALSE,660,304,12
20,"178",FALSE,896,512,18
21,"178",FALSE,394,487,8
22,"178",TRUE,NA,NA,NA
23,"178",FALSE,642,315,12
24,"178",FALSE,633,727,14
25,"178",FALSE,602,281,12
26,"178",FALSE,613,324,12
27,"178",TRUE,443,507,8
28,"178",FALSE,615,693,14
29,"178",FALSE,407,503,8
0,"179",FALSE,801,566,18
1,"179",FALSE,627,312,12
2,"179",FALSE,434,514,8
3,"179",FALSE,442,524,8
4,"179",FALSE,421,524,8
5,"179",FALSE,847,541,18
6,"179",FALSE,429,500,8
7,"179",FALSE,637,696,14
8,"179",FALSE,858,511,18
9,"179",FALSE,837,533,18
10,"179",FALSE,609,723,14
11,"179",FALSE,637,696,14
12,"179",FALSE,813,498,18
13,"179",FALSE,663,355,12
14,"179",FALSE,656,313,12
15,"179",FALSE,430,505,8
16,"179",FALSE,844,508,18
17,"179",FALSE,854,502,18
18,"179",FALSE,570,665,14
19,"179",FALSE,486,526,8
20,"179",FALSE,790,534,18
21,"179",FALSE,642,718,14
22,"179",FALSE,650,719,14
23,"179",FALSE,665,706,14
24,"179",FALSE,602,651,14
25,"179",FALSE,859,524,18
26,"179",FALSE,617,722,14
27,"179",FALSE,822,519,18
28,"179",FALSE,652,296,12
29,"179",FALSE,668,333,12
0,"180",FALSE,644,310,12
1,"180",FALSE,394,507,8
2,"180",FALSE,847,470,18
3,"180",FALSE,605,316,12
4,"180",FALSE,883,521,18
5,"180",FALSE,792,483,18
6,"180",FALSE,676,676,14
7,"180",FALSE,828,504,18
8,"180",FALSE,852,507,18
9,"180",FALSE,421,517,8
10,"180",FALSE,647,288,12
11,"180",TRUE,436,515,8
12,"180",FALSE,652,320,12
13,"180",FALSE,625,309,12
14,"180",FALSE,642,675,14
15,"180",FALSE,625,313,12
16,"180",FALSE,640,718,14
17,"180",FALSE,626,284,12
18,"180",FALSE,461,479,8
19,"180",FALSE,664,302,12
20,"180",FALSE,670,311,12
21,"180",FALSE,433,455,8
22,"180",FALSE,651,287,12
23,"180",FALSE,470,468,8
24,"180",FALSE,646,670,14
25,"180",FALSE,680,695,14
26,"180",FALSE,474,478,8
27,"180",FALSE,436,493,8
28,"180",FALSE,574,712,14
29,"180",FALSE,632,709,14
0,"181",FALSE,648,686,14
1,"181",FALSE,668,699,14
2,"181",FALSE,481,449,8
3,"181",FALSE,652,312,12
4,"181",FALSE,617,308,12
5,"181",FALSE,647,706,14
6,"181",FALSE,883,519,18
7,"181",FALSE,391,515,8
8,"181",FALSE,624,682,14
9,"181",FALSE,425,529,8
10,"181",FALSE,430,550,8
11,"181",FALSE,611,328,12
12,"181",FALSE,805,505,18
13,"181",FALSE,609,697,14
14,"181",FALSE,621,676,14
15,"181",FALSE,619,694,14
16,"181",FALSE,656,294,12
17,"181",FALSE,790,519,18
18,"181",FALSE,423,500,8
19,"181",FALSE,796,484,18
20,"181",FALSE,812,516,18
21,"181",FALSE,816,524,18
22,"181",FALSE,630,322,12
23,"181",FALSE,473,539,8
24,"181",FALSE,436,510,8
25,"181",FALSE,441,501,8
26,"181",FALSE,766,530,18
27,"181",FALSE,835,493,18
28,"181",FALSE,414,492,8
29,"181",FALSE,402,532,8
0,"182",FALSE,849,515,18
1,"182",FALSE,651,298,12
2,"182",FALSE,465,515,8
3,"182",TRUE,429,494,8
4,"182",FALSE,625,366,12
5,"182",FALSE,628,282,12
6,"182",FALSE,402,497,8
7,"182",FALSE,467,519,8
8,"182",FALSE,666,689,14
9,"182",FALSE,433,542,8
10,"182",FALSE,646,265,12
11,"182",TRUE,641,275,12
12,"182",FALSE,468,515,8
13,"182",FALSE,853,483,18
14,"182",FALSE,642,281,12
15,"182",FALSE,818,517,18
16,"182",FALSE,658,362,12
17,"182",FALSE,640,687,14
18,"182",FALSE,811,506,18
19,"182",TRUE,820,508,18
20,"182",FALSE,625,722,14
21,"182",FALSE,808,511,18
22,"182",FALSE,630,700,14
23,"182",FALSE,631,287,12
24,"182",FALSE,645,318,12
25,"182",FALSE,658,714,14
26,"182",FALSE,400,511,8
27,"182",FALSE,583,672,14
28,"182",FALSE,421,497,8
29,"182",FALSE,659,313,12
0,"184",FALSE,423,491,8
1,"184",FALSE,805,512,18
2,"184",FALSE,634,368,12
3,"184",FALSE,636,707,14
4,"184",FALSE,440,503,8
5,"184",FALSE,837,479,18
6,"184",FALSE,626,687,14
7,"184",FALSE,636,283,12
8,"184",FALSE,462,511,8
9,"184",FALSE,822,515,18
10,"184",FALSE,824,510,18
11,"184",FALSE,424,490,8
12,"184",FALSE,423,523,8
13,"184",FALSE,832,484,18
14,"184",FALSE,803,506,18
15,"184",FALSE,628,727,14
16,"184",FALSE,429,509,8
17,"184",FALSE,628,311,12
18,"184",FALSE,839,505,18
19,"184",FALSE,857,484,18
20,"184",FALSE,829,501,18
21,"184",FALSE,613,697,14
22,"184",FALSE,635,290,12
23,"184",FALSE,619,280,12
24,"184",FALSE,443,521,8
25,"184",FALSE,419,508,8
26,"184",FALSE,629,264,12
27,"184",FALSE,645,313,12
28,"184",FALSE,600,686,14
29,"184",FALSE,636,292,12
0,"185",FALSE,838,499,18
1,"185",FALSE,636,708,14
2,"185",FALSE,662,298,12
3,"185",FALSE,450,522,8
4,"185",FALSE,851,502,18
5,"185",FALSE,648,694,14
6,"185",FALSE,456,496,8
7,"185",FALSE,818,513,18
8,"185",FALSE,619,687,14
9,"185",FALSE,630,285,12
10,"185",FALSE,641,296,12
11,"185",FALSE,829,481,18
12,"185",FALSE,659,345,12
13,"185",FALSE,636,290,12
14,"185",FALSE,410,523,8
15,"185",FALSE,618,294,12
16,"185",FALSE,592,685,14
17,"185",FALSE,838,493,18
18,"185",FALSE,590,712,14
19,"185",FALSE,655,714,14
20,"185",FALSE,440,530,8
21,"185",FALSE,813,510,18
22,"185",FALSE,428,494,8
23,"185",FALSE,812,510,18
24,"185",FALSE,628,254,12
25,"185",FALSE,850,490,18
26,"185",FALSE,654,700,14
27,"185",FALSE,608,280,12
28,"185",FALSE,824,493,18
29,"185",FALSE,469,517,8
0,"186",FALSE,631,333,12
1,"186",FALSE,847,528,18
2,"186",FALSE,677,660,14
3,"186",FALSE,445,476,8
4,"186",FALSE,633,316,12
5,"186",FALSE,427,483,8
6,"186",FALSE,656,676,14
7,"186",FALSE,648,706,14
8,"186",FALSE,835,495,18
9,"186",FALSE,614,299,12
10,"186",FALSE,640,716,14
11,"186",FALSE,424,507,8
12,"186",FALSE,636,350,12
13,"186",FALSE,424,509,8
14,"186",FALSE,629,300,12
15,"186",FALSE,806,488,18
16,"186",FALSE,422,474,8
17,"186",FALSE,634,698,14
18,"186",FALSE,443,505,8
19,"186",FALSE,646,287,12
20,"186",FALSE,861,506,18
21,"186",FALSE,653,314,12
22,"186",FALSE,663,262,12
23,"186",FALSE,680,337,12
24,"186",FALSE,638,705,14
25,"186",FALSE,698,691,14
26,"186",FALSE,426,443,8
27,"186",FALSE,633,324,12
28,"186",FALSE,427,499,8
29,"186",FALSE,448,514,8
0,"187",FALSE,814,546,18
1,"187",FALSE,656,684,14
2,"187",FALSE,858,511,18
3,"187",FALSE,650,723,14
4,"187",FALSE,448,517,8
5,"187",FALSE,673,328,12
6,"187",TRUE,849,524,18
7,"187",FALSE,842,533,18
8,"187",FALSE,458,512,8
9,"187",FALSE,843,517,18
10,"187",FALSE,828,537,18
11,"187",FALSE,467,531,8
12,"187",FALSE,446,518,8
13,"187",FALSE,475,486,8
14,"187",FALSE,446,510,8
15,"187",FALSE,663,690,14
16,"187",FALSE,655,711,14
17,"187",FALSE,460,535,8
18,"187",FALSE,473,512,8
19,"187",FALSE,615,311,12
20,"187",FALSE,633,331,12
21,"187",FALSE,625,732,14
22,"187",FALSE,616,687,14
23,"187",FALSE,633,704,14
24,"187",FALSE,840,522,18
25,"187",FALSE,645,707,14
26,"187",FALSE,424,527,8
27,"187",FALSE,851,529,18
28,"187",FALSE,621,711,14
29,"187",FALSE,667,731,14
0,"188",FALSE,827,516,18
1,"188",FALSE,433,516,8
2,"188",FALSE,430,528,8
3,"188",FALSE,632,309,12
4,"188",FALSE,624,306,12
5,"188",FALSE,439,506,8
6,"188",FALSE,453,507,8
7,"188",FALSE,630,256,12
8,"188",FALSE,847,494,18
9,"188",FALSE,846,522,18
10,"188",FALSE,630,718,14
11,"188",FALSE,644,717,14
12,"188",FALSE,433,498,8
13,"188",FALSE,641,301,12
14,"188",FALSE,625,703,14
15,"188",FALSE,636,305,12
16,"188",FALSE,634,701,14
17,"188",FALSE,435,497,8
18,"188",FALSE,636,715,14
19,"188",FALSE,841,506,18
20,"188",FALSE,427,494,8
21,"188",FALSE,832,519,18
22,"188",FALSE,645,706,14
23,"188",FALSE,633,302,12
24,"188",FALSE,629,709,14
25,"188",FALSE,650,755,14
26,"188",FALSE,430,523,8
27,"188",FALSE,830,506,18
28,"188",FALSE,450,482,8
29,"188",FALSE,815,495,18
0,"189",FALSE,849,504,18
1,"189",FALSE,846,517,18
2,"189",FALSE,629,301,12
3,"189",FALSE,834,494,18
4,"189",FALSE,645,305,12
5,"189",FALSE,399,514,8
6,"189",FALSE,636,674,14
7,"189",FALSE,432,502,8
8,"189",FALSE,647,689,14
9,"189",FALSE,840,516,18
10,"189",FALSE,418,510,8
11,"189",FALSE,652,715,14
12,"189",FALSE,869,508,18
13,"189",FALSE,851,492,18
14,"189",FALSE,881,500,18
15,"189",FALSE,842,493,18
16,"189",FALSE,450,532,8
17,"189",FALSE,430,522,8
18,"189",FALSE,831,508,18
19,"189",FALSE,595,317,12
20,"189",FALSE,652,307,12
21,"189",FALSE,424,510,8
22,"189",FALSE,607,285,12
23,"189",FALSE,828,477,18
24,"189",FALSE,650,712,14
25,"189",FALSE,843,503,18
26,"189",FALSE,622,279,12
27,"189",FALSE,633,704,14
28,"189",FALSE,663,706,14
29,"189",FALSE,844,560,18
0,"191",FALSE,855,507,18
1,"191",FALSE,630,706,14
2,"191",FALSE,635,701,14
3,"191",FALSE,808,496,18
4,"191",FALSE,843,504,18
5,"191",FALSE,449,491,8
6,"191",FALSE,636,312,12
7,"191",FALSE,618,316,12
8,"191",FALSE,821,515,18
9,"191",FALSE,837,485,18
10,"191",FALSE,404,498,8
11,"191",FALSE,839,491,18
12,"191",FALSE,437,508,8
13,"191",FALSE,630,722,14
14,"191",FALSE,835,512,18
15,"191",FALSE,643,728,14
16,"191",FALSE,648,283,12
17,"191",FALSE,626,725,14
18,"191",FALSE,442,523,8
19,"191",FALSE,836,492,18
20,"191",FALSE,872,486,18
21,"191",FALSE,636,679,14
22,"191",FALSE,824,533,18
23,"191",FALSE,433,526,8
24,"191",FALSE,413,517,8
25,"191",FALSE,448,507,8
26,"191",FALSE,626,320,12
27,"191",FALSE,790,494,18
28,"191",FALSE,827,491,18
29,"191",FALSE,651,709,14
0,"192",FALSE,636,705,14
1,"192",FALSE,621,723,14
2,"192",FALSE,610,690,14
3,"192",FALSE,896,526,18
4,"192",FALSE,642,293,12
5,"192",FALSE,617,358,12
6,"192",FALSE,447,531,8
7,"192",FALSE,435,486,8
8,"192",FALSE,841,500,18
9,"192",FALSE,863,530,18
10,"192",FALSE,658,734,14
11,"192",FALSE,630,284,12
12,"192",FALSE,640,684,14
13,"192",FALSE,843,514,18
14,"192",FALSE,637,284,12
15,"192",FALSE,656,728,14
16,"192",FALSE,624,710,14
17,"192",FALSE,382,465,8
18,"192",FALSE,437,490,8
19,"192",FALSE,464,537,8
20,"192",FALSE,626,271,12
21,"192",FALSE,607,330,12
22,"192",FALSE,432,543,8
23,"192",FALSE,414,512,8
24,"192",FALSE,638,286,12
25,"192",FALSE,630,667,14
26,"192",FALSE,640,682,14
27,"192",FALSE,392,545,8
28,"192",FALSE,796,505,18
29,"192",FALSE,440,524,8
0,"193",FALSE,845,495,18
1,"193",FALSE,626,324,12
2,"193",FALSE,612,688,14
3,"193",FALSE,619,316,12
4,"193",FALSE,800,496,18
5,"193",FALSE,618,676,14
6,"193",FALSE,655,282,12
7,"193",FALSE,656,303,12
8,"193",FALSE,846,543,18
9,"193",FALSE,810,487,18
10,"193",FALSE,608,688,14
11,"193",FALSE,641,331,12
12,"193",FALSE,420,501,8
13,"193",FALSE,870,504,18
14,"193",FALSE,838,526,18
15,"193",TRUE,NA,NA,NA
16,"193",FALSE,438,487,8
17,"193",FALSE,622,317,12
18,"193",FALSE,627,287,12
19,"193",FALSE,681,715,14
20,"193",FALSE,696,368,12
21,"193",FALSE,440,497,8
22,"193",FALSE,853,505,18
23,"193",FALSE,407,469,8
24,"193",FALSE,633,687,14
25,"193",FALSE,851,499,18
26,"193",FALSE,622,299,12
27,"193",FALSE,655,284,12
28,"193",FALSE,666,730,14
29,"193",FALSE,638,292,12
0,"194",FALSE,845,548,18
1,"194",FALSE,635,300,12
2,"194",FALSE,633,316,12
3,"194",FALSE,808,474,18
4,"194",FALSE,631,693,14
5,"194",FALSE,611,309,12
6,"194",FALSE,613,332,12
7,"194",FALSE,838,513,18
8,"194",FALSE,673,679,14
9,"194",FALSE,617,665,14
10,"194",FALSE,424,539,8
11,"194",FALSE,611,710,14
12,"194",FALSE,673,700,14
13,"194",FALSE,859,485,18
14,"194",FALSE,640,304,12
15,"194",FALSE,427,546,8
16,"194",FALSE,648,296,12
17,"194",FALSE,829,468,18
18,"194",FALSE,648,295,12
19,"194",FALSE,659,713,14
20,"194",FALSE,613,689,14
21,"194",FALSE,648,711,14
22,"194",FALSE,842,490,18
23,"194",FALSE,672,320,12
24,"194",FALSE,839,493,18
25,"194",FALSE,639,298,12
26,"194",FALSE,657,709,14
27,"194",FALSE,591,669,14
28,"194",FALSE,487,539,8
29,"194",FALSE,629,328,12
0,"195",FALSE,647,687,14
1,"195",FALSE,796,546,18
2,"195",FALSE,842,543,18
3,"195",FALSE,830,498,18
4,"195",FALSE,653,641,14
5,"195",FALSE,843,528,18
6,"195",FALSE,605,627,14
7,"195",FALSE,823,492,18
8,"195",FALSE,607,680,14
9,"195",FALSE,864,514,18
10,"195",FALSE,696,736,14
11,"195",FALSE,553,694,14
12,"195",FALSE,647,375,12
13,"195",FALSE,446,466,8
14,"195",FALSE,765,515,18
15,"195",FALSE,607,748,14
16,"195",FALSE,823,500,18
17,"195",FALSE,633,355,12
18,"195",FALSE,600,663,14
19,"195",FALSE,465,488,8
20,"195",FALSE,652,658,14
21,"195",FALSE,461,518,8
22,"195",FALSE,634,362,12
23,"195",FALSE,649,347,12
24,"195",FALSE,568,345,12
25,"195",FALSE,793,552,18
26,"195",FALSE,382,516,8
27,"195",FALSE,580,775,14
28,"195",FALSE,785,574,18
29,"195",FALSE,397,528,8
0,"196",FALSE,848,505,18
1,"196",FALSE,834,482,18
2,"196",FALSE,853,514,18
3,"196",FALSE,825,519,18
4,"196",FALSE,431,506,8
5,"196",FALSE,638,299,12
6,"196",TRUE,NA,NA,NA
7,"196",FALSE,834,496,18
8,"196",FALSE,404,488,8
9,"196",FALSE,422,529,8
10,"196",FALSE,632,688,14
11,"196",FALSE,618,709,14
12,"196",FALSE,638,305,12
13,"196",FALSE,851,518,18
14,"196",FALSE,591,669,14
15,"196",FALSE,632,655,14
16,"196",FALSE,613,709,14
17,"196",FALSE,824,574,18
18,"196",FALSE,841,518,18
19,"196",FALSE,435,482,8
20,"196",FALSE,615,726,14
21,"196",FALSE,455,512,8
22,"196",FALSE,636,703,14
23,"196",FALSE,849,508,18
24,"196",FALSE,837,506,18
25,"196",FALSE,614,744,14
26,"196",FALSE,651,301,12
27,"196",FALSE,653,694,14
28,"196",FALSE,664,334,12
29,"196",FALSE,441,487,8
0,"197",FALSE,446,489,8
1,"197",FALSE,641,314,12
2,"197",FALSE,663,323,12
3,"197",FALSE,816,501,18
4,"197",FALSE,490,501,8
5,"197",FALSE,642,703,14
6,"197",FALSE,422,504,8
7,"197",FALSE,611,324,12
8,"197",FALSE,838,531,18
9,"197",FALSE,623,278,12
10,"197",FALSE,640,264,12
11,"197",FALSE,635,714,14
12,"197",FALSE,628,709,14
13,"197",FALSE,609,312,12
14,"197",FALSE,637,332,12
15,"197",FALSE,837,508,18
16,"197",FALSE,421,504,8
17,"197",FALSE,661,284,12
18,"197",FALSE,636,307,12
19,"197",FALSE,619,693,14
20,"197",FALSE,612,704,14
21,"197",FALSE,623,698,14
22,"197",FALSE,447,512,8
23,"197",FALSE,410,520,8
24,"197",FALSE,897,523,18
25,"197",FALSE,441,533,8
26,"197",FALSE,861,544,18
27,"197",FALSE,634,727,14
28,"197",FALSE,855,505,18
29,"197",FALSE,837,516,18
0,"198",FALSE,423,526,8
1,"198",FALSE,654,706,14
2,"198",FALSE,836,512,18
3,"198",FALSE,590,287,12
4,"198",FALSE,432,499,8
5,"198",FALSE,636,298,12
6,"198",FALSE,623,278,12
7,"198",FALSE,815,498,18
8,"198",FALSE,412,484,8
9,"198",FALSE,429,489,8
10,"198",FALSE,605,296,12
11,"198",FALSE,415,505,8
12,"198",FALSE,429,492,8
13,"198",FALSE,408,498,8
14,"198",FALSE,626,700,14
15,"198",FALSE,632,709,14
16,"198",FALSE,669,296,12
17,"198",FALSE,870,495,18
18,"198",FALSE,472,445,8
19,"198",FALSE,636,707,14
20,"198",FALSE,642,707,14
21,"198",FALSE,850,509,18
22,"198",FALSE,833,512,18
23,"198",FALSE,625,311,12
24,"198",FALSE,630,705,14
25,"198",FALSE,869,491,18
26,"198",FALSE,633,356,12
27,"198",FALSE,625,698,14
28,"198",FALSE,403,488,8
29,"198",FALSE,626,691,14
0,"199",FALSE,807,538,18
1,"199",FALSE,617,695,14
2,"199",FALSE,615,274,12
3,"199",FALSE,446,493,8
4,"199",FALSE,431,505,8
5,"199",FALSE,613,719,14
6,"199",FALSE,427,529,8
7,"199",FALSE,408,512,8
8,"199",FALSE,663,701,14
9,"199",FALSE,443,490,8
10,"199",FALSE,631,711,14
11,"199",FALSE,620,281,12
12,"199",FALSE,806,525,18
13,"199",FALSE,581,270,12
14,"199",FALSE,636,694,14
15,"199",FALSE,823,514,18
16,"199",FALSE,435,512,8
17,"199",FALSE,595,278,12
18,"199",FALSE,824,513,18
19,"199",FALSE,643,711,14
20,"199",FALSE,644,292,12
21,"199",FALSE,853,510,18
22,"199",FALSE,864,497,18
23,"199",FALSE,867,524,18
24,"199",FALSE,612,699,14
25,"199",FALSE,635,700,14
26,"199",FALSE,664,703,14
27,"199",FALSE,627,693,14
28,"199",FALSE,663,695,14
29,"199",FALSE,852,512,18
0,"200",FALSE,411,537,8
1,"200",TRUE,NA,NA,NA
2,"200",FALSE,846,492,18
3,"200",FALSE,621,770,14
4,"200",FALSE,860,501,18
5,"200",FALSE,634,319,12
6,"200",FALSE,693,712,14
7,"200",FALSE,578,250,12
8,"200",FALSE,657,712,14
9,"200",FALSE,430,513,8
10,"200",FALSE,892,494,18
11,"200",FALSE,648,707,14
12,"200",FALSE,627,266,12
13,"200",FALSE,666,720,14
14,"200",FALSE,640,281,12
15,"200",FALSE,606,696,14
16,"200",FALSE,856,514,18
17,"200",FALSE,787,525,18
18,"200",FALSE,419,473,8
19,"200",FALSE,658,301,12
20,"200",FALSE,647,717,14
21,"200",FALSE,640,306,12
22,"200",FALSE,441,511,8
23,"200",FALSE,680,325,12
24,"200",FALSE,827,446,18
25,"200",FALSE,428,490,8
26,"200",FALSE,808,506,18
27,"200",FALSE,443,508,8
28,"200",FALSE,610,703,14
29,"200",FALSE,842,523,18
